puzzle_id,answer,publisher,sub_publisher,date,orientation,clue_number,source_dataset
cc_001,FEATHER,Times,The Times,2000-10-16,across,10,Cryptonite (Efrat et al. 2021)
cc_002,ZEPHYR,Times,The Times,2001-05-28,across,23,Cryptonite (Efrat et al. 2021)
cc_003,ANIMATED,Times,The Times,2001-11-27,across,25,Cryptonite (Efrat et al. 2021)
cc_004,HALLOWED,Times,The Sunday Times,2002-02-10,across,9,Cryptonite (Efrat et al. 2021)
cc_005,SKIN GAME,Times,The Sunday Times,2002-05-05,across,1,Cryptonite (Efrat et al. 2021)
cc_006,SET UP,Telegraph,,2002-07-29,across,19,Cryptonite (Efrat et al. 2021)
cc_007,TRIBALISM,Times,The Times,2002-10-16,down,14,Cryptonite (Efrat et al. 2021)
cc_008,THEATRE,Times,The Times,2003-01-06,down,20,Cryptonite (Efrat et al. 2021)
cc_009,OFFENDERS,Telegraph,,2003-03-31,down,18,Cryptonite (Efrat et al. 2021)
cc_010,YAHOO,Times,The Times,2003-06-20,across,11,Cryptonite (Efrat et al. 2021)
cc_011,AVON,Telegraph,,2003-09-12,across,18,Cryptonite (Efrat et al. 2021)
cc_012,DEED,Times,The Times,2003-12-11,across,27,Cryptonite (Efrat et al. 2021)
cc_013,STATION,Times,The Times,2004-02-28,across,15,Cryptonite (Efrat et al. 2021)
cc_014,ENOSIS,Times,The Times,2004-05-01,down,25,Cryptonite (Efrat et al. 2021)
cc_015,MEDIUM,Telegraph,,2004-07-13,across,11,Cryptonite (Efrat et al. 2021)
cc_016,CATENA,Telegraph,,2004-09-25,down,3,Cryptonite (Efrat et al. 2021)
cc_017,DOSSERS,Telegraph,,2004-12-09,across,23,Cryptonite (Efrat et al. 2021)
cc_018,HARDLINER,Telegraph,,2005-03-05,across,13,Cryptonite (Efrat et al. 2021)
cc_019,BARONET,Times,The Times,2005-05-14,down,20,Cryptonite (Efrat et al. 2021)
cc_020,ARDEN,Telegraph,,2005-07-22,across,10,Cryptonite (Efrat et al. 2021)
cc_021,ADEPT,Telegraph,,2005-09-27,down,3,Cryptonite (Efrat et al. 2021)
cc_022,AT A PINCH,Times,The Times,2005-12-07,down,16,Cryptonite (Efrat et al. 2021)
cc_023,NEREIDS,Times,The Sunday Times,2006-02-26,across,14,Cryptonite (Efrat et al. 2021)
cc_024,POWDERY,Times,The Times,2006-05-10,across,9,Cryptonite (Efrat et al. 2021)
cc_025,REVIVE,Times,The Times,2006-07-15,down,9,Cryptonite (Efrat et al. 2021)
cc_026,PERCOLATOR,Times,The Sunday Times,2006-09-24,across,9,Cryptonite (Efrat et al. 2021)
cc_027,ANIMATED,Telegraph,,2006-11-27,across,4,Cryptonite (Efrat et al. 2021)
cc_028,DOWNFALL,Telegraph,,2007-02-08,across,25,Cryptonite (Efrat et al. 2021)
cc_029,HAITI,Times,The Times,2007-04-12,across,21,Cryptonite (Efrat et al. 2021)
cc_030,RECONFIRM,Times,The Times,2007-06-20,across,13,Cryptonite (Efrat et al. 2021)
cc_031,OUTLINES,Times,The Times,2007-08-31,down,4,Cryptonite (Efrat et al. 2021)
cc_032,METIER,Times,The Times,2007-11-10,across,23,Cryptonite (Efrat et al. 2021)
cc_033,FUMES,Times,The Times,2008-01-24,across,27,Cryptonite (Efrat et al. 2021)
cc_034,AIM,Times,The Times,2008-04-08,across,8,Cryptonite (Efrat et al. 2021)
cc_035,IRIS,Telegraph,,2008-06-24,across,24,Cryptonite (Efrat et al. 2021)
cc_036,IMPROBABLY,Times,The Times,2008-09-01,across,24,Cryptonite (Efrat et al. 2021)
cc_037,TEA TRAY,Times,The Times,2008-11-11,across,20,Cryptonite (Efrat et al. 2021)
cc_038,REGALLY,Telegraph,,2009-01-26,across,12,Cryptonite (Efrat et al. 2021)
cc_039,WHITECHAPEL,Times,The Times,2009-04-04,across,17,Cryptonite (Efrat et al. 2021)
cc_040,TERRACE,Telegraph,,2009-06-08,across,24,Cryptonite (Efrat et al. 2021)
cc_041,MAGENTA,Times,The Times,2009-08-19,across,9,Cryptonite (Efrat et al. 2021)
cc_042,THURSDAY,Telegraph,,2009-10-25,across,23,Cryptonite (Efrat et al. 2021)
cc_043,SCRAPE,Times,,2010-01-01,across,35,Cryptonite (Efrat et al. 2021)
cc_044,ERASURE,Times,The Times,2010-03-03,down,6,Cryptonite (Efrat et al. 2021)
cc_045,BACK DOOR,Telegraph,,2010-05-10,across,18,Cryptonite (Efrat et al. 2021)
cc_046,PIMPLED,Times,,2010-07-16,down,6,Cryptonite (Efrat et al. 2021)
cc_047,HARARE,Times,,2010-09-25,down,6,Cryptonite (Efrat et al. 2021)
cc_048,INLET,Telegraph,,2010-12-07,down,24,Cryptonite (Efrat et al. 2021)
cc_049,SHAHS,Telegraph,,2011-02-21,across,11,Cryptonite (Efrat et al. 2021)
cc_050,ESCORTED,Times,The Times,2011-04-29,across,5,Cryptonite (Efrat et al. 2021)
cc_051,EYESHADOW,Telegraph,,2011-07-02,down,3,Cryptonite (Efrat et al. 2021)
cc_052,SODA,Telegraph,,2011-09-10,across,29,Cryptonite (Efrat et al. 2021)
cc_053,COME BY,Telegraph,,2011-11-18,across,1,Cryptonite (Efrat et al. 2021)
cc_054,JOE BLOGGS,Telegraph,,2012-01-24,across,13,Cryptonite (Efrat et al. 2021)
cc_055,EASED,Times,The Times,2012-03-31,down,4,Cryptonite (Efrat et al. 2021)
cc_056,EVANGELIST,Telegraph,,2012-06-06,across,1,Cryptonite (Efrat et al. 2021)
cc_057,GESTATION,Telegraph,,2012-08-12,down,14,Cryptonite (Efrat et al. 2021)
cc_058,BEANSTALKS,Telegraph,,2012-10-13,down,13,Cryptonite (Efrat et al. 2021)
cc_059,SAG BAG,Times,,2012-12-16,across,24,Cryptonite (Efrat et al. 2021)
cc_060,ERASURE,Telegraph,,2013-02-20,down,17,Cryptonite (Efrat et al. 2021)
cc_061,POTEMKIN,Times,The Times,2013-04-27,across,34,Cryptonite (Efrat et al. 2021)
cc_062,APARTHEID,Telegraph,,2013-07-04,down,3,Cryptonite (Efrat et al. 2021)
cc_063,TEMPLAR,Telegraph,,2013-09-09,down,1,Cryptonite (Efrat et al. 2021)
cc_064,INACTION,Telegraph,,2013-11-14,across,15,Cryptonite (Efrat et al. 2021)
cc_065,FLOOD,Times,The Times,2014-01-16,across,6,Cryptonite (Efrat et al. 2021)
cc_066,ENOSIS,Telegraph,,2014-03-24,down,23,Cryptonite (Efrat et al. 2021)
cc_067,WAPITI,Times,The Sunday Times,2014-06-01,across,22,Cryptonite (Efrat et al. 2021)
cc_068,ROAD TESTS,Times,The Sunday Times,2014-08-10,down,14,Cryptonite (Efrat et al. 2021)
cc_069,SLINGBACK,Times,The Times,2014-10-16,across,27,Cryptonite (Efrat et al. 2021)
cc_070,ATROPINE,Times,,2014-12-22,across,25,Cryptonite (Efrat et al. 2021)
cc_071,COVE,Times,The Times,2015-03-04,across,20,Cryptonite (Efrat et al. 2021)
cc_072,STOCKING FILLER,Times,The Times,2015-05-08,down,9,Cryptonite (Efrat et al. 2021)
cc_073,STAIN,Times,The Times,2015-07-28,across,17,Cryptonite (Efrat et al. 2021)
cc_074,PACER,Telegraph,,2015-10-09,down,2,Cryptonite (Efrat et al. 2021)
cc_075,OX EYE DAISY,Times,The Times,2015-12-19,across,12,Cryptonite (Efrat et al. 2021)
cc_076,EGOMANIA,Times,The Times,2016-02-22,down,9,Cryptonite (Efrat et al. 2021)
cc_077,ARISTOCRATIC,Times,The Times,2016-04-29,across,23,Cryptonite (Efrat et al. 2021)
cc_078,BAIN MARIE,Telegraph,,2016-07-04,across,23,Cryptonite (Efrat et al. 2021)
cc_079,FLAT,Telegraph,,2016-09-09,across,10,Cryptonite (Efrat et al. 2021)
cc_080,SHEAF,Times,The Times,2016-11-19,down,52,Cryptonite (Efrat et al. 2021)
cc_081,ARMAGNAC,Telegraph,,2017-01-21,down,1,Cryptonite (Efrat et al. 2021)
cc_082,APARTHEID,Times,The Times,2017-04-01,down,12,Cryptonite (Efrat et al. 2021)
cc_083,TRAVELLER,Times,The Times,2017-06-09,down,5,Cryptonite (Efrat et al. 2021)
cc_084,DELHI,Telegraph,,2017-08-19,down,24,Cryptonite (Efrat et al. 2021)
cc_085,HAM,Times,The Sunday Times,2017-10-29,down,7,Cryptonite (Efrat et al. 2021)
cc_086,FRUMP,Times,The Times,2018-01-03,across,17,Cryptonite (Efrat et al. 2021)
cc_087,TRANSIENT,Telegraph,,2018-03-15,down,14,Cryptonite (Efrat et al. 2021)
cc_088,DRUDGERY,Times,The Times,2018-05-23,down,16,Cryptonite (Efrat et al. 2021)
cc_089,TINNY,Times,The Times,2018-07-28,down,23,Cryptonite (Efrat et al. 2021)
cc_090,HIT LIST,Telegraph,,2018-10-01,across,1,Cryptonite (Efrat et al. 2021)
cc_091,ROYAL ASCOT,Times,The Sunday Times,2018-12-02,down,12,Cryptonite (Efrat et al. 2021)
cc_092,SCALES,Telegraph,,2019-02-08,across,1,Cryptonite (Efrat et al. 2021)
cc_093,DEED,Times,The Times,2019-04-24,across,20,Cryptonite (Efrat et al. 2021)
cc_094,I ZINGARI,Times,The Times,2019-06-26,across,21,Cryptonite (Efrat et al. 2021)
cc_095,STICKLER,Times,The Times,2019-09-06,across,8,Cryptonite (Efrat et al. 2021)
cc_096,SISTERS,Telegraph,,2019-11-20,down,8,Cryptonite (Efrat et al. 2021)
cc_097,WAPITI,Telegraph,,2020-01-28,across,22,Cryptonite (Efrat et al. 2021)
cc_098,IGNORED,Telegraph,,2020-04-10,down,21,Cryptonite (Efrat et al. 2021)
cc_099,HUNGRY,Telegraph,,2020-06-12,across,12,Cryptonite (Efrat et al. 2021)
cc_100,IMAGINES,Times,The Times,2020-08-22,down,20,Cryptonite (Efrat et al. 2021)
